{"cameraMode":{"drawMode":0,"name":"Shaded","section":"Shading Mode"},"sceneLighting":true,"audioPlay":false,"sceneViewState":{"m_AlwaysRefresh":false,"showFog":true,"showSkybox":true,"showFlares":true,"showImageEffects":true,"showParticleSystems":true,"showVisualEffectGraphs":true,"m_FxEnabled":true},"in2DMode":false,"pivot":{"x":11.06915283203125,"y":2.8143372535705568,"z":-12.842933654785157},"rotation":{"x":-0.40793243050575259,"y":-0.02136368490755558,"z":0.009548219852149487,"w":-0.9127160310745239},"size":3.929426670074463,"orthographic":false}